{"cameraMode":{"drawMode":0,"name":"Shaded","section":"Shading Mode"},"sceneLighting":true,"audioPlay":false,"sceneViewState":{"m_AlwaysRefresh":true,"showFog":true,"showSkybox":true,"showFlares":true,"showImageEffects":true,"showParticleSystems":true,"showVisualEffectGraphs":true,"m_FxEnabled":true},"in2DMode":false,"pivot":{"x":-8.118000984191895,"y":10.256388664245606,"z":4.468542098999023},"rotation":{"x":-0.005182777065783739,"y":0.9946157932281494,"z":-0.08255255222320557,"w":-0.06244318187236786},"size":65.70504760742188,"orthographic":false}